<?xml version="1.0" encoding="UTF-8"?>
<!DOCTYPE mapper PUBLIC "-//mybatis.org//DTD Mapper 3.0//EN" "http://mybatis.org/dtd/mybatis-3-mapper.dtd">
<mapper namespace="com.jiduauto.sps.stock.server.mapper.StockMapper">
    <select id="getByBizConfigFields" resultType="com.jiduauto.sps.sdk.pojo.po.StockPo">
        select id, biz_type, material_code, sum_quantity, occupy_quantity
        from stock where biz_config_field in
        <foreach collection="bizConfigFields" item="bizConfigField" separator="," open="(" close=")">
            #{bizConfigField}
        </foreach>
    </select>

    <select id="getByBizConfigFieldsAll" resultType="com.jiduauto.sps.sdk.pojo.po.StockPo">
        select id, biz_type, biz_config_field, material_code,sum_quantity, occupy_quantity, version, channel_code
        from stock where biz_config_field in
        <foreach collection="bizConfigFields" item="bizConfigField" separator="," open="(" close=")">
            #{bizConfigField}
        </foreach>
    </select>

    <select id="getItemByBizConfigFieldsAll" resultType="com.jiduauto.sps.sdk.pojo.po.StockItemPo">
        select id, biz_type, biz_config_field, material_code,sum_quantity, occupy_quantity, version
        from stock_item where biz_config_field in
        <foreach collection="bizConfigFields" item="bizConfigField" separator="," open="(" close=")">
            #{bizConfigField}
        </foreach>
    </select>

    <update id="occupyQuantityById">
        update stock set
        <if test="qty != null">
            occupy_quantity = occupy_quantity + #{qty},
        </if>
        version = version + 1
        where id = #{id} and sum_quantity >= occupy_quantity + #{qty}
    </update>

    <update id="unOccupyQuantityById">
        update stock set
        <if test="qty != null">
            occupy_quantity = occupy_quantity - #{qty},
        </if>
        version = version + 1
        where id = #{id} and occupy_quantity >= #{qty}
    </update>
</mapper>