{
    "configurations": [
        
        {
            "name": "Build",
            "type": "jps-build",
            "workingDir": "$PROJECT_DIR$",
            "module": "sps-order-server",
            "includeTests": false
        },
        {
            "name": "sps",
            "type": "spring-boot",
            "workingDir": "$PROJECT_DIR$",
            "dependsOn": [
                "Build"
            ],
            "mainClass": "com.jiduauto.sps.order.server.App",
            "module": "sps-order-server",
            "options": [
                "-XX:TieredStopAtLevel=1",
                "-noverify",
                "-Dspring.output.ansi.enabled=always",
                "-Dcom.sun.management.jmxremote",
                "-Dspring.jmx.enabled=true",
                "-Dspring.liveBeansView.mbeanDomain",
                "-Dspring.application.admin.enabled=true",
                "-Dmanagement.endpoints.jmx.exposure.include=*",
                "-Dfile.encoding=UTF-8",
                "-classpath",
                "/Library/Java/JavaVirtualMachines/zulu-8.jdk/Contents/Home/jre/lib/cat.jar:/Library/Java/JavaVirtualMachines/zulu-8.jdk/Contents/Home/jre/lib/charsets.jar:/Library/Java/JavaVirtualMachines/zulu-8.jdk/Contents/Home/jre/lib/ext/cldrdata.jar:/Library/Java/JavaVirtualMachines/zulu-8.jdk/Contents/Home/jre/lib/ext/crs-agent.jar:/Library/Java/JavaVirtualMachines/zulu-8.jdk/Contents/Home/jre/lib/ext/dnsns.jar:/Library/Java/JavaVirtualMachines/zulu-8.jdk/Contents/Home/jre/lib/ext/jaccess.jar:/Library/Java/JavaVirtualMachines/zulu-8.jdk/Contents/Home/jre/lib/ext/localedata.jar:/Library/Java/JavaVirtualMachines/zulu-8.jdk/Contents/Home/jre/lib/ext/nashorn.jar:/Library/Java/JavaVirtualMachines/zulu-8.jdk/Contents/Home/jre/lib/ext/sunec.jar:/Library/Java/JavaVirtualMachines/zulu-8.jdk/Contents/Home/jre/lib/ext/sunjce_provider.jar:/Library/Java/JavaVirtualMachines/zulu-8.jdk/Contents/Home/jre/lib/ext/sunpkcs11.jar:/Library/Java/JavaVirtualMachines/zulu-8.jdk/Contents/Home/jre/lib/ext/zipfs.jar:/Library/Java/JavaVirtualMachines/zulu-8.jdk/Contents/Home/jre/lib/jce.jar:/Library/Java/JavaVirtualMachines/zulu-8.jdk/Contents/Home/jre/lib/jfr.jar:/Library/Java/JavaVirtualMachines/zulu-8.jdk/Contents/Home/jre/lib/jsse.jar:/Library/Java/JavaVirtualMachines/zulu-8.jdk/Contents/Home/jre/lib/management-agent.jar:/Library/Java/JavaVirtualMachines/zulu-8.jdk/Contents/Home/jre/lib/resources.jar:/Library/Java/JavaVirtualMachines/zulu-8.jdk/Contents/Home/jre/lib/rt.jar"
            ],
            "activeProfiles": [
                ""
            ],
            "environment": {
                "APOLLO_META":"http://config.jidudev.com:8080"
            }
        }
        
    ]
}
