<?xml version="1.0" encoding="UTF-8"?>
<!DOCTYPE mapper PUBLIC "-//mybatis.org//DTD Mapper 3.0//EN" "http://mybatis.org/dtd/mybatis-3-mapper.dtd">
<mapper namespace="com.jiduauto.sps.order.server.mapper.BackOrderMapper">

    <resultMap id="BaseRequestMap" type="com.jiduauto.sps.sdk.pojo.po.BackOrderPo">
        <id column="id" jdbcType="BIGINT" property="id"/>
        <result column="biz_type" jdbcType="VARCHAR" property="bizType"/>
        <result column="back_order_no" jdbcType="VARCHAR" property="backOrderNo"/>
        <result column="back_order_type" jdbcType="VARCHAR" property="backOrderType"/>
        <result column="purchase_order_no" jdbcType="VARCHAR" property="purchaseOrderNo"/>
        <result column="sale_part_num" jdbcType="VARCHAR" property="salePartNum"/>
        <result column="back_qty" jdbcType="DECIMAL" property="backQty"/>
        <result column="rest_back_qty" jdbcType="DECIMAL" property="restBackQty"/>
        <result column="back_order_status" jdbcType="VARCHAR" property="backOrderStatus"/>
        <result column="store_code" jdbcType="VARCHAR" property="storeCode"/>
        <result column="remark" jdbcType="VARCHAR" property="remark"/>
        <result column="is_del" jdbcType="BIT" property="isDel"/>
        <result column="create_user" jdbcType="CHAR" property="createUser"/>
        <result column="create_time" jdbcType="TIMESTAMP" property="createTime"/>
        <result column="update_user" jdbcType="CHAR" property="updateUser"/>
        <result column="update_time" jdbcType="TIMESTAMP" property="updateTime"/>
    </resultMap>
    <update id="updateBatchByNo" >
        <foreach collection="backOrderPos" item="backOrder" separator=";">
            update
            back_order
            set
            <if test="backOrder.estArrivalTime!=null">
                est_arrival_time=#{backOrder.estArrivalTime},
            </if>
            <if test="backOrder.delayExplanation!=null and backOrder.delayExplanation!=''">
                delay_explanation=#{backOrder.delayExplanation},
            </if>
            <if test="backOrder.updateUser!=null ">
                update_user=#{backOrder.updateUser},
            </if>

            update_time=#{backOrder.updateTime}
            where
            back_order_no = #{backOrder.backOrderNo}
            and biz_type= #{backOrder.bizType}
        </foreach>

    </update>

    <select id="pageSearch" resultType="com.jiduauto.sps.order.server.pojo.dto.BackOrderDto">
        select a.*
        from back_order a
        where a.biz_type = #{param.bizType,jdbcType=VARCHAR}
        and a.is_del = 0
        <if test="param.saleOrderNo != null and param.saleOrderNo != ''">
            and a.back_order_no in (select back_order_no from back_sale_relation where sale_order_no like CONCAT('%',
            #{param.saleOrderNo,jdbcType=VARCHAR}, '%'))
        </if>
        <if test="param.backOrderNos != null and param.backOrderNos.size >0">
            and a.back_order_no in
            <foreach collection="param.backOrderNos" open="(" close=")" item="backOrderNo" separator=",">
                #{backOrderNo}
            </foreach>
        </if>
        <if test="param.salePartNums != null and param.salePartNums.size >0 ">
            and a.sale_part_num in
            <foreach collection="param.salePartNums" open="(" close=")" item="salePartNum" separator=",">
                #{salePartNum}
            </foreach>
        </if>
        <if test="param.purchaseOrderTypes != null and param.purchaseOrderTypes.size >0 ">
            and a.back_order_type in
            <foreach collection="param.purchaseOrderTypes" open="(" close=")" item="backOrderType" separator=",">
                #{backOrderType}
            </foreach>
        </if>
        <if test="param.backOrderNo != null and param.backOrderNo != ''">
            and a.back_order_no like CONCAT('%', #{param.backOrderNo,jdbcType=VARCHAR}, '%')
        </if>
        <if test="param.purchaseOrderNo != null and param.purchaseOrderNo != ''">
            and a.purchase_order_no like CONCAT('%', #{param.purchaseOrderNo,jdbcType=VARCHAR}, '%')
        </if>
        <if test="param.backOrderType != null and param.backOrderType != ''">
            and a.back_order_type like CONCAT('%', #{param.backOrderType,jdbcType=VARCHAR}, '%')
        </if>
        <if test="param.backOrderStatus != null and param.backOrderStatus != ''">
            and a.back_order_status = #{param.backOrderStatus,jdbcType=VARCHAR}
        </if>
        <if test="param.storeCode != null and param.storeCode != ''">
            and a.store_code = #{param.storeCode,jdbcType=VARCHAR}
        </if>
        <if test="param.createTimeStart != null">
            and a.create_time &gt;= #{param.createTimeStart,jdbcType=TIMESTAMP}
        </if>
        <if test="param.createTimeEnd != null">
            and a.create_time &lt;= #{param.createTimeEnd,jdbcType=TIMESTAMP}
        </if>
        <if test="param.salePartNumLike != null and param.salePartNumLike != ''">
            and a.sale_part_num like CONCAT('%', #{param.salePartNumLike,jdbcType=VARCHAR}, '%')
        </if>
        <if test="param.salePartNum != null and param.salePartNum != ''">
            and a.sale_part_num = #{param.salePartNum,jdbcType=VARCHAR}
        </if>
        <if test="param.isControl != null and param.isControl == true">
            and a.is_control = 'Y'
        </if>
        <if test="param.isControl != null and param.isControl == false">
            and a.is_control != 'Y'
        </if>
        order by a.id desc
    </select>

    <select id="listPendingTransferPurchaseOrderNo" resultType="com.jiduauto.sps.order.server.pojo.BackOrderTransferDto">
        select purchase_order_no, store_code, biz_type
        from back_order
        where back_order_type = #{orderType,jdbcType=VARCHAR}
          and back_order_status in ('PENDING', 'TRANSFER_FAILED', 'PROCESSING')
        group by purchase_order_no, store_code, biz_type
    </select>

    <update id="subtractRestBackQty">
        UPDATE back_order
        SET rest_back_qty = (rest_back_qty - #{qty,jdbcType=DECIMAL}),
            update_user   = #{updateUser,jdbcType=VARCHAR}
        WHERE id = #{id,jdbcType=BIGINT}
          and is_del = 0
          and (rest_back_qty - #{qty,jdbcType=DECIMAL}) >= 0
    </update>
</mapper>
