<?xml version="1.0" encoding="UTF-8"?>
<!DOCTYPE mapper PUBLIC "-//mybatis.org//DTD Mapper 3.0//EN" "http://mybatis.org/dtd/mybatis-3-mapper.dtd">
<mapper namespace="com.jiduauto.sps.order.server.mapper.PurchaseOrderMapper">

    <resultMap id="BaseResultMap" type="com.jiduauto.sps.sdk.pojo.po.PurchaseOrderPo">
        <id column="id" jdbcType="BIGINT" property="id"/>
        <result column="biz_type" jdbcType="VARCHAR" property="bizType"/>
        <result column="purchase_order_no" jdbcType="VARCHAR" property="purchaseOrderNo"/>
        <result column="sap_order_no" jdbcType="VARCHAR" property="sapOrderNo"/>
        <result column="purchase_order_attr" jdbcType="VARCHAR" property="purchaseOrderAttr"/>
        <result column="purchase_order_type" jdbcType="VARCHAR" property="purchaseOrderType"/>
        <result column="store_code" jdbcType="VARCHAR" property="storeCode"/>
        <result column="receive_warehouse_code" jdbcType="VARCHAR" property="receiveWarehouseCode"/>
        <result column="purchase_order_amount" jdbcType="DECIMAL" property="purchaseOrderAmount"/>
        <result column="purchase_order_status" jdbcType="VARCHAR" property="purchaseOrderStatus"/>
        <result column="receiver" jdbcType="VARCHAR" property="receiver"/>
        <result column="receiver_phone" jdbcType="VARCHAR" property="receiverPhone"/>
        <result column="receiver_address" jdbcType="VARCHAR" property="receiverAddress"/>
        <result column="turn_control_status" jdbcType="VARCHAR" property="turnControlStatus"/>
        <result column="commit_time" jdbcType="VARCHAR" property="commitTime"/>
        <result column="vin" jdbcType="VARCHAR" property="vin"/>
        <result column="remark" jdbcType="VARCHAR" property="remark"/>
        <result column="head_remark" jdbcType="VARCHAR" property="headRemark"/>
        <result column="is_del" jdbcType="BIT" property="isDel"/>
        <result column="create_user" jdbcType="CHAR" property="createUser"/>
        <result column="create_time" jdbcType="TIMESTAMP" property="createTime"/>
        <result column="update_user" jdbcType="CHAR" property="updateUser"/>
        <result column="update_time" jdbcType="TIMESTAMP" property="updateTime"/>
    </resultMap>

    <select id="pageSearch" resultMap="BaseResultMap" >
        select distinct po.*
        from purchase_order po
                 left join purchase_order_detail pod on po.purchase_order_no = pod.purchase_order_no
        where po.biz_type = #{searchReq.bizType,jdbcType=VARCHAR} and po.is_del = 0
        <if test="searchReq.purchaseOrderNo != null and searchReq.purchaseOrderNo != ''">
            and po.purchase_order_no like CONCAT('%', #{searchReq.purchaseOrderNo,jdbcType=VARCHAR}, '%')
        </if>
        <if test="searchReq.purchaseOrderNos != null">
            and po.purchase_order_no in
            <foreach collection="searchReq.purchaseOrderNos" open="(" close=")" item="purchaseOrderNo" separator=",">
                #{purchaseOrderNo}
            </foreach>
        </if>
        <if test="searchReq.purchaseOrderAttr != null and searchReq.purchaseOrderAttr != ''">
            and po.purchase_order_attr = #{searchReq.purchaseOrderAttr,jdbcType=VARCHAR}
        </if>
        <if test="searchReq.purchaseOrderType != null and searchReq.purchaseOrderType != ''">
            and po.purchase_order_type = #{searchReq.purchaseOrderType,jdbcType=VARCHAR}
        </if>
        <if test="searchReq.purchaseOrderStatus != null and searchReq.purchaseOrderStatus != ''">
            and po.purchase_order_status = #{searchReq.purchaseOrderStatus,jdbcType=VARCHAR}
        </if>
        <if test="searchReq.storeCode != null and searchReq.storeCode != ''">
            and po.store_code =  #{searchReq.storeCode,jdbcType=VARCHAR}
        </if>
        <if test="searchReq.commitTimeStart != null">
            and po.commit_time &gt;= #{searchReq.commitTimeStart,jdbcType=TIMESTAMP}
        </if>
        <if test="searchReq.commitTimeEnd != null">
            and po.commit_time &lt;= #{searchReq.commitTimeEnd,jdbcType=TIMESTAMP}
        </if>
        <if test="searchReq.turnPurchaseOrderStatus != null and searchReq.turnPurchaseOrderStatus != ''">
            and po.turn_purchase_order_status = #{searchReq.turnPurchaseOrderStatus,jdbcType=VARCHAR}
        </if>
        <if test="searchReq.salePartNumLike != null and searchReq.salePartNumLike != ''">
            and pod.sale_part_num like CONCAT('%', #{searchReq.salePartNumLike,jdbcType=VARCHAR}, '%')
        </if>
        <if test="searchReq.salePartNum != null and searchReq.salePartNum != ''">
            and pod.sale_part_num =  #{searchReq.salePartNum,jdbcType=VARCHAR}
        </if>
        <if test="searchReq.salePartNums != null and searchReq.salePartNums.size >0 ">
            and pod.sale_part_num in
            <foreach collection="searchReq.salePartNums" open="(" close=")" item="salePartNum" separator=",">
                #{salePartNum}
            </foreach>
        </if>

        <if test="searchReq.purchaseOrderTypes != null and searchReq.purchaseOrderTypes.size >0 ">
            and po.purchase_order_type in
            <foreach collection="searchReq.purchaseOrderTypes" open="(" close=")" item="purchaseOrderType" separator=",">
                #{purchaseOrderType}
            </foreach>
        </if>
        <if test="searchReq.turnControlStatus != null and searchReq.turnControlStatus != ''">
            and po.turn_control_status = #{searchReq.turnControlStatus,jdbcType=VARCHAR}
        </if>
        <if test="searchReq.isControl != null and searchReq.isControl == true">
            and pod.is_control = 'Y'
        </if>
        <if test="searchReq.isControl != null and searchReq.isControl == false">
            and pod.is_control != 'Y'
        </if>
        order by po.id desc
    </select>

    <select id="qtySearch" resultType="com.jiduauto.sps.order.server.pojo.fileexport.PurchaseOrderExportDto">
        select a.id,
        a.purchase_order_no,
        a.sale_part_num,
        a.discount_unit_price,
        a.qty,
        a.line_amount,
        a.store_remark,
        a.vin as detail_vin,
        a.sap_order_no,
        a.purchase_order_attr,
        a.purchase_order_type,
        a.store_code,
        a.commit_time,
        a.receive_warehouse_code,
        a.purchase_order_amount,
        a.purchase_order_status,
        a.receiver,
        a.receiver_phone,
        a.receiver_address,
        a.remark,
        a.head_remark,
        a.create_user,
        a.create_time,
        a.update_user,
        a.update_time,
        a.turn_purchase_order_status,
        a.vin,
        a.is_control,
        a.turned_control_qty,
        a.turn_control_status,
        a.receive_qty,
        a.deliver_qty,
        a.receiver_province,
        a.receiver_city,
        a.receiver_district,
        a.standard_price_exclude_tax,
        a.standard_price_include_tax,
        a.discount_rate,
        (a.cancel_qty + IFNULL(b.rest_back_qty, 0)) as cancel_qty
        from (select pod.id,
                        pod.biz_type,
                        pod.purchase_order_no,
                        pod.sale_part_num,
                        pod.discount_unit_price,
                        pod.qty,
                        pod.line_amount,
                        pod.store_remark,
                        pod.is_control,
                        pod.turned_control_qty,
                        pod.vin as detail_vin,
                        pod.standard_price_exclude_tax,
                        pod.standard_price_include_tax,
                        pod.discount_rate,
                        po.trade_no,
                        po.sap_order_no,
                        po.purchase_order_attr,
                        po.purchase_order_type,
                        po.store_code,
                        po.commit_time,
                        po.receive_warehouse_code,
                        po.purchase_order_amount,
                        po.purchase_order_status,
                        po.receiver,
                        po.receiver_phone,
                        po.receiver_province,
                        po.receiver_city,
                        po.receiver_district,
                        po.receiver_address,
                        po.remark,
                        po.sap_order_create_time,
                        po.create_user,
                        po.create_time,
                        po.update_user,
                        po.update_time,
                        po.turn_control_status,
                        po.turn_purchase_order_status,
                        po.vin,
                        po.head_remark,
                     IFNULL(sum(receive_qty), 0) as receive_qty,
                     IFNULL(sum(deliver_qty), 0) as deliver_qty,
                     IFNULL(sum(cancel_qty), 0)  as cancel_qty
              from purchase_order po
                       left join purchase_order_detail pod on po.purchase_order_no = pod.purchase_order_no
                       left join sale_order so on so.purchase_order_no = po.purchase_order_no and so.is_del = 0
                       left join sale_order_detail sod on so.sale_order_no = sod.sale_order_no and sod.is_del = 0
                  and pod.sale_part_num = sod.sale_part_num
                where po.biz_type = #{searchReq.bizType,jdbcType=VARCHAR} and po.is_del = 0 and pod.is_del = 0
                    <if test="searchReq.purchaseOrderNo != null and searchReq.purchaseOrderNo != ''">
                        and po.purchase_order_no like CONCAT('%', #{searchReq.purchaseOrderNo,jdbcType=VARCHAR}, '%')
                    </if>
                    <if test="searchReq.purchaseOrderNos != null">
                        and po.purchase_order_no in
                        <foreach collection="searchReq.purchaseOrderNos" open="(" close=")" item="purchaseOrderNo" separator=",">
                            #{purchaseOrderNo}
                        </foreach>
                    </if>
                    <if test="searchReq.purchaseOrderStatusList != null">
                        and po.purchase_order_status in
                        <foreach collection="searchReq.purchaseOrderStatusList" open="(" close=")" item="purchaseOrderStatus" separator=",">
                            #{purchaseOrderStatus}
                        </foreach>
                    </if>
                    <if test="searchReq.purchaseOrderAttr != null and searchReq.purchaseOrderAttr != ''">
                        and po.purchase_order_attr = #{searchReq.purchaseOrderAttr,jdbcType=VARCHAR}
                    </if>
                    <if test="searchReq.purchaseOrderType != null and searchReq.purchaseOrderType != ''">
                        and po.purchase_order_type = #{searchReq.purchaseOrderType,jdbcType=VARCHAR}
                    </if>
                    <if test="searchReq.purchaseOrderStatus != null and searchReq.purchaseOrderStatus != ''">
                        and po.purchase_order_status = #{searchReq.purchaseOrderStatus,jdbcType=VARCHAR}
                    </if>
                    <if test="searchReq.storeCode != null and searchReq.storeCode != ''">
                        and po.store_code =  #{searchReq.storeCode,jdbcType=VARCHAR}
                    </if>
                    <if test="searchReq.commitTimeStart != null">
                        and po.commit_time &gt;= #{searchReq.commitTimeStart,jdbcType=TIMESTAMP}
                    </if>
                    <if test="searchReq.commitTimeEnd != null">
                        and po.commit_time &lt;= #{searchReq.commitTimeEnd,jdbcType=TIMESTAMP}
                    </if>
                    <if test="searchReq.turnPurchaseOrderStatus != null and searchReq.turnPurchaseOrderStatus != ''">
                        and po.turn_purchase_order_status = #{searchReq.turnPurchaseOrderStatus,jdbcType=VARCHAR}
                    </if>
                    <if test="searchReq.salePartNumLike != null and searchReq.salePartNumLike != ''">
                        and pod.sale_part_num like CONCAT('%', #{searchReq.salePartNumLike,jdbcType=VARCHAR}, '%')
                    </if>
                    <if test="searchReq.salePartNum != null and searchReq.salePartNum != ''">
                        and pod.sale_part_num =  #{searchReq.salePartNum,jdbcType=VARCHAR}
                    </if>
                    <if test="searchReq.salePartNums != null and searchReq.salePartNums.size >0 ">
                        and pod.sale_part_num in
                        <foreach collection="searchReq.salePartNums" open="(" close=")" item="salePartNum" separator=",">
                            #{salePartNum}
                        </foreach>
                    </if>
                    <if test="searchReq.purchaseOrderTypes != null and searchReq.purchaseOrderTypes.size >0 ">
                        and po.purchase_order_type in
                        <foreach collection="searchReq.purchaseOrderTypes" open="(" close=")" item="purchaseOrderType" separator=",">
                            #{purchaseOrderType}
                        </foreach>
                    </if>
                    <if test="searchReq.turnControlStatus != null and searchReq.turnControlStatus != ''">
                        and po.turn_control_status = #{searchReq.turnControlStatus,jdbcType=VARCHAR}
                    </if>
                    <if test="searchReq.isControl != null and searchReq.isControl == true">
                        and pod.is_control = 'Y'
                    </if>
                    <if test="searchReq.isControl != null and searchReq.isControl == false">
                        and pod.is_control != 'Y'
                    </if>
              group by pod.id) a
                 left join (select sum(rest_back_qty) as rest_back_qty,
                                   back_order_no,
                                   back_order_type,
                                   purchase_order_no,
                                   sale_part_num,
                                   back_qty,
                                   back_order_status
                            from (select distinct bo.id,
                                                  bo.biz_type,
                                                  bo.back_order_no,
                                                  bo.back_order_type,
                                                  bo.purchase_order_no,
                                                  bo.sale_part_num,
                                                  bo.back_qty,
                                                  bo.rest_back_qty,
                                                  bo.back_order_status
                                  from purchase_order_detail pod
                                           left join back_order bo on pod.purchase_order_no = bo.purchase_order_no
                                  where back_order_status = 'CANCELED' and bo.biz_type = #{searchReq.bizType,jdbcType=VARCHAR} and bo.is_del = 0 and pod.is_del = 0 ) bq
                            group by bq.purchase_order_no, bq.sale_part_num) b
                           on a.purchase_order_no = b.purchase_order_no and a.sale_part_num = b.sale_part_num
                           order by a.id desc
    </select>
</mapper>
