<?xml version="1.0" encoding="UTF-8"?>
<!DOCTYPE mapper PUBLIC "-//mybatis.org//DTD Mapper 3.0//EN" "http://mybatis.org/dtd/mybatis-3-mapper.dtd">
<mapper namespace="com.jiduauto.sps.order.server.mapper.PurchaseOrderDetailMapper">

    <select id="pageSearch" resultType="com.jiduauto.sps.order.server.pojo.dto.PurchaseOrderDetailDto">
        select a.id detail_id,
        a.biz_type,
        a.purchase_order_no,
        a.sale_part_num,
        a.discount_unit_price,
        a.qty,
        a.line_amount,
        a.store_remark,
        a.vin,
        a.receive_qty,
        a.deliver_qty,
        a.is_control,
        a.turned_control_qty,
        a.standard_price_exclude_tax,
        a.standard_price_include_tax,
        a.discount_rate,
        (a.cancel_qty + IFNULL(b.rest_back_qty, 0)) as cancel_qty
        from (select pod.*,
        IFNULL(sum(receive_qty), 0) as receive_qty,
        IFNULL(sum(deliver_qty), 0) as deliver_qty,
        IFNULL(sum(cancel_qty), 0)  as cancel_qty
        from purchase_order po
        left join purchase_order_detail pod on po.purchase_order_no = pod.purchase_order_no
        left join sale_order so on so.purchase_order_no = po.purchase_order_no and so.is_del = 0
        left join sale_order_detail sod on so.sale_order_no = sod.sale_order_no and sod.is_del = 0
        and pod.sale_part_num = sod.sale_part_num
        where po.biz_type = #{searchReq.bizType,jdbcType=VARCHAR} and po.is_del = 0 and pod.is_del = 0
        <if test="searchReq.purchaseOrderNo != null and searchReq.purchaseOrderNo != ''">
            and po.purchase_order_no = #{searchReq.purchaseOrderNo,jdbcType=VARCHAR}
        </if>
        <if test="searchReq.salePartNum != null and searchReq.salePartNum != ''">
            and pod.sale_part_num = #{searchReq.salePartNum}
        </if>
        group by pod.id) a
        left join (select sum(rest_back_qty) as rest_back_qty,
        back_order_no,
        back_order_type,
        purchase_order_no,
        sale_part_num,
        back_qty,
        back_order_status
        from (select distinct bo.id,
        bo.biz_type,
        bo.back_order_no,
        bo.back_order_type,
        bo.purchase_order_no,
        bo.sale_part_num,
        bo.back_qty,
        bo.rest_back_qty,
        bo.back_order_status
        from purchase_order_detail pod
        left join back_order bo on pod.purchase_order_no = bo.purchase_order_no
        where back_order_status = 'CANCELED' and bo.biz_type = #{searchReq.bizType,jdbcType=VARCHAR} and bo.is_del = 0 and pod.is_del = 0) bq
        group by bq.purchase_order_no, bq.sale_part_num) b
        on a.purchase_order_no = b.purchase_order_no and a.sale_part_num = b.sale_part_num
        order by a.sale_part_num
    </select>

    <select id="batchQuery" resultType="com.jiduauto.sps.order.server.pojo.dto.PurchaseOrderDetailDto">
        select a.id,
        a.biz_type,
        a.purchase_order_no,
        a.sale_part_num,
        a.discount_unit_price,
        a.qty,
        a.line_amount,
        a.remark,
        a.is_del,
        a.create_user,
        a.create_time,
        a.update_user,
        a.update_time,
        a.store_remark,
        a.vin,
        a.receive_qty,
        a.deliver_qty,
        (a.cancel_qty + IFNULL(b.rest_back_qty, 0)) as cancel_qty
        from (select pod.*,
        IFNULL(sum(receive_qty), 0) as receive_qty,
        IFNULL(sum(deliver_qty), 0) as deliver_qty,
        IFNULL(sum(cancel_qty), 0)  as cancel_qty
        from purchase_order po
        left join purchase_order_detail pod on po.purchase_order_no = pod.purchase_order_no
        left join sale_order so on so.purchase_order_no = po.purchase_order_no and so.is_del = 0
        left join sale_order_detail sod on so.sale_order_no = sod.sale_order_no and sod.is_del = 0
        and pod.sale_part_num = sod.sale_part_num
        where po.biz_type = #{searchReq.bizType,jdbcType=VARCHAR} and po.is_del = 0 and pod.is_del = 0
        <if test="searchReq.purchaseOrderNos != null">
            and po.purchase_order_no in
            <foreach collection="searchReq.purchaseOrderNos" open="(" close=")" item="purchaseOrderNo" separator=",">
                #{purchaseOrderNo}
            </foreach>
        </if>
        group by pod.id) a
        left join (select sum(rest_back_qty) as rest_back_qty,
        back_order_no,
        back_order_type,
        purchase_order_no,
        sale_part_num,
        back_qty,
        back_order_status
        from (select distinct bo.id,
        bo.biz_type,
        bo.back_order_no,
        bo.back_order_type,
        bo.purchase_order_no,
        bo.sale_part_num,
        bo.back_qty,
        bo.rest_back_qty,
        bo.back_order_status
        from purchase_order_detail pod
        left join back_order bo on pod.purchase_order_no = bo.purchase_order_no
        where back_order_status = 'CANCELED' and bo.biz_type = #{searchReq.bizType,jdbcType=VARCHAR} and bo.is_del = 0 and pod.is_del = 0 ) bq
        group by bq.purchase_order_no, bq.sale_part_num) b
        on a.purchase_order_no = b.purchase_order_no and a.sale_part_num = b.sale_part_num
        order by a.sale_part_num
    </select>
</mapper>
