<?xml version="1.0" encoding="UTF-8"?>
<!DOCTYPE mapper PUBLIC "-//mybatis.org//DTD Mapper 3.0//EN" "http://mybatis.org/dtd/mybatis-3-mapper.dtd">
<mapper namespace="com.jiduauto.sps.order.server.mapper.SaleOrderMapper">

    <select id="pageSearch" resultType="com.jiduauto.sps.order.server.pojo.dto.SaleOrderDto">
        select distinct a.*
        from sale_order a
        left join sale_order_detail b
        on a.sale_order_no = b.sale_order_no
        <if test="param.invoiceNo != null or param.redInvoiceNo != null ">
        left join sale_order_invoice_relation sr on sr.sale_order_no = a.sale_order_no
        </if>
        where a.biz_type = #{param.bizType,jdbcType=VARCHAR}
        and a.is_del = 0 and b.is_del = 0
        <if test="param.saleOrderNo != null and param.saleOrderNo != ''">
            and a.sale_order_no like CONCAT('%', #{param.saleOrderNo,jdbcType=VARCHAR}, '%')
        </if>
        <if test="param.saleOrderNos != null">
            and a.sale_order_no in
            <foreach collection="param.saleOrderNos" open="(" close=")" item="saleOrderNo" separator=",">
                #{saleOrderNo}
            </foreach>
        </if>
        <if test="param.purchaseOrderNo != null and param.purchaseOrderNo != ''">
            and a.purchase_order_no like CONCAT('%', #{param.purchaseOrderNo,jdbcType=VARCHAR}, '%')
        </if>
        <if test="param.isDfs != null">
            and a.is_dfs = #{param.isDfs,jdbcType=BIT}
        </if>
        <if test="param.transferAdvice != null and param.transferAdvice != ''">
            and a.transfer_advice = #{param.transferAdvice,jdbcType=VARCHAR}
        </if>
        <if test="param.saleOrderType != null and param.saleOrderType != ''">
            and a.sale_order_type = #{param.saleOrderType,jdbcType=VARCHAR}
        </if>
        <if test="param.dfsStatus != null and param.dfsStatus != ''">
            and a.dfs_status = #{param.dfsStatus,jdbcType=VARCHAR}
        </if>
        <if test="param.saleOrderStatus != null and param.saleOrderStatus != ''">
            and a.sale_order_status = #{param.saleOrderStatus,jdbcType=VARCHAR}
        </if>
        <if test="param.storeCode != null and param.storeCode != ''">
            and a.store_code = #{param.storeCode,jdbcType=VARCHAR}
        </if>
        <if test="param.receiveWarehouseCode != null and param.receiveWarehouseCode != ''">
            and a.receive_warehouse_code = #{param.receiveWarehouseCode,jdbcType=VARCHAR}
        </if>
        <if test="param.deliverWarehouseCode != null and param.deliverWarehouseCode != ''">
            and a.deliver_warehouse_code = #{param.deliverWarehouseCode,jdbcType=VARCHAR}
        </if>
        <if test="param.createTimeStart != null">
            and a.create_time &gt;= #{param.createTimeStart,jdbcType=TIMESTAMP}
        </if>
        <if test="param.createTimeEnd != null">
            and a.create_time &lt;= #{param.createTimeEnd,jdbcType=TIMESTAMP}
        </if>
        <if test="param.salePartNumLike != null and param.salePartNumLike != ''">
            and b.sale_part_num like CONCAT('%', #{param.salePartNumLike,jdbcType=VARCHAR}, '%')
        </if>
        <if test="param.salePartNum != null and param.salePartNum != ''">
            and b.sale_part_num = #{param.salePartNum,jdbcType=VARCHAR}
        </if>
        <if test="param.isClaimWhitelist != null">
            and a.is_claim_whitelist = #{param.isClaimWhitelist,jdbcType=BIT}
        </if>
        <if test="param.salePartNums != null and param.salePartNums.size >0 ">
            and b.sale_part_num in
            <foreach collection="param.salePartNums" open="(" close=")" item="salePartNum" separator=",">
                #{salePartNum}
            </foreach>
        </if>
        <if test="param.saleOrderTypes != null and param.saleOrderTypes.size >0 ">
            and a.sale_order_type in
            <foreach collection="param.saleOrderTypes" open="(" close=")" item="saleOrderType" separator=",">
                #{saleOrderType}
            </foreach>
        </if>
        <if test="param.invoiceNo  != null and param.invoiceNo != ''">
            and sr.invoice_no like CONCAT('%', #{param.invoiceNo,jdbcType=VARCHAR}, '%')
        and sr.invoice_type='NORMAL'
            and sr.is_del = 0
        </if>
        <if test="param.redInvoiceNo  != null and param.redInvoiceNo != ''">
            and sr.invoice_no like CONCAT('%', #{param.redInvoiceNo,jdbcType=VARCHAR}, '%')
            and sr.invoice_type='RED'
            and sr.is_del = 0
        </if>
        order by a.id desc
    </select>

    <select id="getNeedIssueRoAndCoSaleOrder" resultType="com.jiduauto.sps.sdk.pojo.po.SaleOrderPo">
        select *
        from sale_order
        where (
                (sale_order_type = #{ro,jdbcType=VARCHAR} and is_dfs = false)
                or sale_order_type = #{co,jdbcType=VARCHAR}
            )
          and is_del = false
          and sale_order_status = #{status,jdbcType=VARCHAR}
        limit 10000;
    </select>

    <select id="exportSearch" resultType="com.jiduauto.sps.order.server.pojo.fileexport.SaleOrderExportDto">
        select distinct  a.sale_order_no,
                         a.id,
        a.biz_type,
        a.sap_order_no,
        a.is_dfs,
        a.purchase_order_no,
        a.deliver_warehouse_code,
        a.dfs_status,
        a.sale_order_status,
        a.sale_order_type,
        a.transfer_advice,
        a.sale_order_attr,
        a.stock_out_time,
        a.est_arrival_time,
        a.logistics_no,
        a.transport_type,
        a.store_code,
        a.plan_issue_time,
        a.issued_time,
        a.receive_warehouse_code,
        a.receiver_province,
        a.receiver_city,
        a.receiver_district,
        a.receiver,
        a.receiver_phone,
        a.receiver_address,
        a.is_claim_whitelist,
        a.sale_order_amount,
        a.remark as sale_remark,
        a.is_del,
        a.create_user,
        a.create_time,
        a.update_user,
        a.update_time,
        b.sale_part_num,
        b.deliver_qty,
        b.qty,
        b.receive_qty,
        b.cancel_qty,
        b.remark
        from sale_order a
        left join sale_order_detail b
        on a.sale_order_no = b.sale_order_no

        <if test="param.invoiceNo  !=  null or param.redInvoiceNo != null ">
            left join sale_order_invoice_relation sr on sr.sale_order_no = a.sale_order_no
        </if>

        where a.biz_type = #{param.bizType,jdbcType=VARCHAR}
        and a.is_del = 0 and b.is_del = 0
        <if test="param.saleOrderNo != null and param.saleOrderNo != ''">
            and a.sale_order_no like CONCAT('%', #{param.saleOrderNo,jdbcType=VARCHAR}, '%')
        </if>
        <if test="param.saleOrderNos != null">
            and a.sale_order_no in
            <foreach collection="param.saleOrderNos" open="(" close=")" item="saleOrderNo" separator=",">
                #{saleOrderNo}
            </foreach>
        </if>
        <if test="param.purchaseOrderNo != null and param.purchaseOrderNo != ''">
            and a.purchase_order_no like CONCAT('%', #{param.purchaseOrderNo,jdbcType=VARCHAR}, '%')
        </if>
        <if test="param.isDfs != null">
            and a.is_dfs = #{param.isDfs,jdbcType=BIT}
        </if>
        <if test="param.transferAdvice != null and param.transferAdvice != ''">
            and a.transfer_advice = #{param.transferAdvice,jdbcType=VARCHAR}
        </if>
        <if test="param.saleOrderType != null and param.saleOrderType != ''">
            and a.sale_order_type = #{param.saleOrderType,jdbcType=VARCHAR}
        </if>
        <if test="param.dfsStatus != null and param.dfsStatus != ''">
            and a.dfs_status = #{param.dfsStatus,jdbcType=VARCHAR}
        </if>
        <if test="param.saleOrderStatus != null and param.saleOrderStatus != ''">
            and a.sale_order_status = #{param.saleOrderStatus,jdbcType=VARCHAR}
        </if>
        <if test="param.storeCode != null and param.storeCode != ''">
            and a.store_code = #{param.storeCode,jdbcType=VARCHAR}
        </if>
        <if test="param.receiveWarehouseCode != null and param.receiveWarehouseCode != ''">
            and a.receive_warehouse_code = #{param.receiveWarehouseCode,jdbcType=VARCHAR}
        </if>
        <if test="param.deliverWarehouseCode != null and param.deliverWarehouseCode != ''">
            and a.deliver_warehouse_code = #{param.deliverWarehouseCode,jdbcType=VARCHAR}
        </if>
        <if test="param.createTimeStart != null">
            and a.create_time &gt;= #{param.createTimeStart,jdbcType=TIMESTAMP}
        </if>
        <if test="param.createTimeEnd != null">
            and a.create_time &lt;= #{param.createTimeEnd,jdbcType=TIMESTAMP}
        </if>
        <if test="param.salePartNumLike != null and param.salePartNumLike != ''">
            and b.sale_part_num like CONCAT('%', #{param.salePartNumLike,jdbcType=VARCHAR}, '%')
        </if>
        <if test="param.salePartNum != null and param.salePartNum != ''">
            and b.sale_part_num = #{param.salePartNum,jdbcType=VARCHAR}
        </if>
        <if test="param.isClaimWhitelist != null">
            and a.is_claim_whitelist = #{param.isClaimWhitelist,jdbcType=BIT}
        </if>

        <if test="param.salePartNums != null and param.salePartNums.size >0 ">
            and b.sale_part_num in
            <foreach collection="param.salePartNums" open="(" close=")" item="salePartNum" separator=",">
                #{salePartNum}
            </foreach>
        </if>

        <if test="param.saleOrderTypes != null and param.saleOrderTypes.size >0 ">
            and a.sale_order_type in
            <foreach collection="param.saleOrderTypes" open="(" close=")" item="saleOrderType" separator=",">
                #{saleOrderType}
            </foreach>
        </if>
        <if test="param.invoiceNo  !=  null and param.invoiceNo != ''">
            and sr.invoice_no like CONCAT('%', #{param.invoiceNo,jdbcType=VARCHAR}, '%')
            and sr.invoice_type = 'NORMAL'
          and sr.is_del = 0
        </if>
        <if test="param.redInvoiceNo  != null and param.redInvoiceNo != ''">
            and sr.invoice_no like CONCAT('%', #{param.redInvoiceNo,jdbcType=VARCHAR}, '%')
            and sr.invoice_type = 'RED'
            and sr.is_del = 0
        </if>
        order by a.id desc limit #{size};
    </select>

    <select id="pageSearchByPo" resultType="com.jiduauto.sps.order.server.pojo.dto.SaleOrderByPoDto">
        select  *
        from sale_order a
        left join sale_order_detail b
        on a.sale_order_no = b.sale_order_no
        where a.biz_type = #{bizType,jdbcType=VARCHAR}
        and a.is_del = 0 and b.is_del = 0
        <if test="purchaseOrderNos != null">
            and a.purchase_order_no in
            <foreach collection="purchaseOrderNos" open="(" close=")" item="purchaseOrderNo" separator=",">
                #{purchaseOrderNo}
            </foreach>
        </if>
        order by b.sale_part_num desc
        limit #{size}
    </select>

    <select id="queryVirtualQty" resultType="com.jiduauto.sps.order.server.pojo.dto.VirtualQtyDto">
        select sum(IFNULL(sod.deliver_qty, 0)) as qty, sod.sale_part_num as material_code
        from sale_order so
                 left join sale_order_detail sod on so.sale_order_no = sod.sale_order_no
        where so.biz_type = #{bizType,jdbcType=VARCHAR}
          and so.is_del = false
          and sod.is_del = false
          and so.store_code = #{storeCode,jdbcType=VARCHAR}
          and so.sale_order_status = 'DELIVERED'
        group by sod.sale_part_num
    </select>
</mapper>
