<?xml version="1.0" encoding="UTF-8"?>
<!DOCTYPE mapper PUBLIC "-//mybatis.org//DTD Mapper 3.0//EN" "http://mybatis.org/dtd/mybatis-3-mapper.dtd">
<mapper namespace="com.jiduauto.sps.order.server.mapper.StoreDiscountApprovalMapper">
    <update id="enableTempRecord">
        UPDATE store_discount_approval
        SET is_del = 0
        WHERE id = #{id,jdbcType=BIGINT}
          and biz_type = #{bizType,jdbcType=VARCHAR}
          and is_del = 1
          and approval_status = 'SDA_TEMP'
          and approval_no = ''
    </update>

    <select id="getById" resultType="com.jiduauto.sps.order.server.pojo.po.StoreDiscountApprovalPo">
        select * from store_discount_approval
        where id = #{id,jdbcType=BIGINT}
          and biz_type = #{bizType,jdbcType=VARCHAR}
    </select>

    <update id="updateDetailQty">
        update store_discount_approval set detail_quantity = #{detailQty,jdbcType=INTEGER}, update_user = #{updateUser,jdbcType=VARCHAR} where id = #{id,jdbcType=BIGINT}
    </update>

    <update id="updateAttachmentQty">
        update store_discount_approval set attachment_quantity = #{attachmentQty,jdbcType=INTEGER}, update_user = #{updateUser,jdbcType=VARCHAR} where id = #{id,jdbcType=BIGINT}
    </update>
</mapper>
