<?xml version="1.0" encoding="UTF-8"?>
<!DOCTYPE mapper PUBLIC "-//mybatis.org//DTD Mapper 3.0//EN" "http://mybatis.org/dtd/mybatis-3-mapper.dtd">
<mapper namespace="com.jiduauto.sps.order.server.mapper.StoreTransferOrderMapper">

    <select id="pageSearch" resultType="com.jiduauto.sps.order.server.pojo.dto.StoreTransferOrderDto">
        select sto.*, sum(stod.qty) total_qty
        from store_transfer_order sto
        left join store_transfer_order_detail stod
        on sto.biz_type = stod.biz_type and sto.order_no = stod.order_no
        and stod.is_del = false
        where sto.is_del = false and sto.biz_type = #{req.bizType}
        <if test="req.orderStatusList != null and req.orderStatusList.size >0">
            and sto.order_status in
            <foreach collection="req.orderStatusList" open="(" close=")" item="orderStatus" separator=",">
                #{orderStatus}
            </foreach>
        </if>
        <if test="req.orderNoList != null and req.orderNoList.size >0">
            and sto.order_no in
            <foreach collection="req.orderNoList" open="(" close=")" item="orderNo" separator=",">
                #{orderNo}
            </foreach>
        </if>
        <if test=" req.orderNo !=null and req.orderNo !=''">
            and sto.order_no like concat('%',#{req.orderNo},'%')
        </if>
        <if test=" req.orderAttr !=null and req.orderAttr !=''">
            and sto.order_attr = #{req.orderAttr}
        </if>
        <if test=" req.orderStatus !=null and req.orderStatus !=''">
            and sto.order_status = #{req.orderStatus}
        </if>
        <if test=" req.transferInOrganizationCode !=null and req.transferInOrganizationCode !=''">
            and
            sto.transfer_in_organization_code = #{req.transferInOrganizationCode}
        </if>
        <if test=" req.transferOutOrganizationCode !=null and req.transferOutOrganizationCode !=''">
            and
            sto.transfer_out_organization_code = #{req.transferOutOrganizationCode}
        </if>
        <if test=" req.startTime !=null and req.startTime !=''">
            and sto.commit_time &gt;= #{req.startTime}
        </if>
        <if test=" req.endTime !=null and req.endTime !=''">
            and sto.commit_time &lt;= #{req.endTime}
        </if>
        <if test=" req.materialCode !=null and req.materialCode !=''">
            and stod.material_code = #{req.materialCode}
        </if>
        <if test=" req.sapOrderNo !=null and req.sapOrderNo !=''">
            and sto.sap_order_no like concat('%',#{req.sapOrderNo},'%')
        </if>
        group by sto.id order by sto.id desc
    </select>
    <select id="export" resultType="com.jiduauto.sps.order.server.pojo.dto.StoreTransferOrderExportDto">
        select sto.id, sto.biz_type, sto.order_no, sto.idempotent_no, sto.sap_order_no, sto.order_attr,
        sto.order_amount, sto.transfer_in_organization_code, sto.transfer_in_warehouse_code, sto.transfer_in_address,
        sto.transfer_in_contact_name, sto.transfer_in_contact_mobile, sto.transfer_out_organization_code,
        sto.transfer_out_warehouse_code, sto.transfer_out_address, sto.transfer_out_contact_name,
        sto.transfer_out_contact_mobile, sto.commit_time, sto.sap_order_create_time, sto.order_status, sto.logistics_no,
        sto.logistics_company, sto.remark, sto.is_del, sto.create_user, sto.create_time, sto.update_user,
        sto.update_time, material_code, qty, discount_unit_price, line_amount, transfer_in_qty,
        transfer_out_qty, stod.id, stod.remark as itemRemark
        from store_transfer_order_detail stod
        left join store_transfer_order sto
        on   sto.order_no = stod.order_no and sto.biz_type = stod.biz_type
        and sto.is_del = false
        where stod.is_del = false and stod.biz_type = #{req.bizType}
        <if test="req.orderStatusList != null and req.orderStatusList.size >0">
            and sto.order_status in
            <foreach collection="req.orderStatusList" open="(" close=")" item="orderStatus" separator=",">
                #{orderStatus}
            </foreach>
        </if>
        <if test="req.orderNoList != null and req.orderNoList.size >0">
            and sto.order_no in
            <foreach collection="req.orderNoList" open="(" close=")" item="orderNo" separator=",">
                #{orderNo}
            </foreach>
        </if>
        <if test=" req.orderNo !=null and req.orderNo !=''">
            and sto.order_no like concat('%',#{req.orderNo},'%')
        </if>
        <if test=" req.orderAttr !=null and req.orderAttr !=''">
            and sto.order_attr = #{req.orderAttr}
        </if>
        <if test=" req.orderStatus !=null and req.orderStatus !=''">
            and sto.order_status = #{req.orderStatus}
        </if>
        <if test=" req.transferInOrganizationCode !=null and req.transferInOrganizationCode !=''">
            and
            sto.transfer_in_organization_code = #{req.transferInOrganizationCode}
        </if>
        <if test=" req.transferOutOrganizationCode !=null and req.transferOutOrganizationCode !=''">
            and
            sto.transfer_out_organization_code = #{req.transferOutOrganizationCode}
        </if>
        <if test=" req.startTime !=null and req.startTime !=''">
            and sto.commit_time &gt;= #{req.startTime}
        </if>
        <if test=" req.endTime !=null and req.endTime !=''">
            and sto.commit_time &lt;= #{req.endTime}
        </if>
        <if test=" req.materialCode !=null and req.materialCode !=''">
            and stod.material_code = #{req.materialCode}
        </if>
        <if test=" req.sapOrderNo !=null and req.sapOrderNo !=''">
            and sto.sap_order_no = #{req.sapOrderNo}
        </if>
        order by stod.id desc
    </select>

    <select id="queryVirtualQty" resultType="com.jiduauto.sps.order.server.pojo.dto.VirtualQtyDto">
        select sum(IFNULL(stod.transfer_out_qty, 0)) as qty, stod.material_code
        from store_transfer_order sto
                 left join store_transfer_order_detail stod on sto.order_no = stod.order_no
        where sto.biz_type = #{bizType,jdbcType=VARCHAR}
          and sto.is_del = false
          and stod.is_del = false
          and sto.transfer_in_organization_code = #{storeCode,jdbcType=VARCHAR}
          and sto.order_status = 'ALL_OUT'
        group by stod.material_code
    </select>
</mapper>
