<?xml version="1.0" encoding="UTF-8"?>
<!DOCTYPE mapper PUBLIC "-//mybatis.org//DTD Mapper 3.0//EN" "http://mybatis.org/dtd/mybatis-3-mapper.dtd">
<mapper namespace="com.jiduauto.sps.order.server.mapper.StoreDiscountApprovalDetailMapper">
    <update id="deleteById" parameterType="java.lang.Long">
        update store_discount_approval_detail
        set is_del         = 1,
            del_unique_key = #{id,jdbcType=BIGINT}
        where id = #{id,jdbcType=BIGINT}
          and is_del = 0
    </update>

    <delete id="deleteByApprovalId">
        update store_discount_approval_detail
        set is_del         = 1,
            del_unique_key = id
        where approval_id = #{approvalId,jdbcType=BIGINT}
          and is_del = 0
    </delete>

    <select id="listApprovalDetailPo" resultType="com.jiduauto.sps.order.server.pojo.po.StoreDiscountApprovalDetailPo">
        select  *
        from store_discount_approval_detail
        where approval_id = #{queryParam.approvalId,jdbcType=BIGINT}
        and biz_type = #{queryParam.bizType,jdbcType=VARCHAR}
        <if test="queryParam.detailParams != null and queryParam.detailParams.size() > 0">
            and (store_code,material_code, order_type, effective_start_time) in
            <foreach collection="queryParam.detailParams" close=")" open="(" item="detailParam" separator=",">
                (#{detailParam.storeCode},#{detailParam.materialCode}, #{detailParam.orderType},
                #{detailParam.effectiveStartTime})
            </foreach>
        </if>
        and is_del = 0
    </select>
</mapper>
