<?xml version="1.0" encoding="UTF-8"?>
<!DOCTYPE mapper PUBLIC "-//mybatis.org//DTD Mapper 3.0//EN" "http://mybatis.org/dtd/mybatis-3-mapper.dtd">
<mapper namespace="com.jiduauto.sps.order.server.mapper.StoreDiscountMapper">

    <select id="pageSearch" resultType="com.jiduauto.sps.order.server.pojo.dto.StoreDiscountDto">

        select * from (select id,
        biz_type,
        store_code,
        material_code,
        order_type,
        discount_rate,
        effective_start_time,
        create_time,
        update_time,
        update_user,
        is_del,

        if((select a.effective_start_time
        from store_discount a
        where a.biz_type = b.biz_type
        and a.store_code = b.store_code
        and a.material_code = b.material_code
        and a.order_type = b.order_type
        and a.effective_start_time &lt;= #{req.curDate}
        order by a.effective_start_time desc
        limit 1) = effective_start_time, '有效', '失效') status
        from store_discount b) t where t.is_del = false
        and t.biz_type = #{req.bizType}

        <if test=" req.storeCode !=null and req.storeCode !=''">
            and
            t.store_code = #{req.storeCode}
        </if>

        <if test=" req.orderType !=null and req.orderType !=''">
            and
            t.order_type = #{req.orderType}
        </if>
        <if test=" req.materialCode !=null and req.materialCode !=''">
            and
            t.material_code = #{req.materialCode}
        </if>

        <if test=" req.effectiveStartTime !=null ">
            and
            t.effective_start_time >= #{req.effectiveStartTime}
        </if>
        <if test=" req.effectiveEndTime !=null ">
            and
            t.effective_start_time &lt;= #{req.effectiveEndTime}
        </if>

        <if test=" req.isValid ">
            and
            t.t.status = '有效'
        </if>
        order by id desc
    </select>

    <select id="listEffectiveDiscount" resultType="com.jiduauto.sps.order.server.pojo.dto.StoreDiscountDto">
        select * from (select id,
        biz_type,
        store_code,
        material_code,
        order_type,
        discount_rate,
        effective_start_time,
        create_time,
        update_time,
        update_user,
        is_del,
        if((select a.effective_start_time
        from store_discount a
        where a.biz_type = b.biz_type
        and a.store_code = b.store_code
        and a.material_code = b.material_code
        and a.order_type = b.order_type
        and a.effective_start_time &lt;= #{queryTime}
        order by a.effective_start_time desc
        limit 1) = effective_start_time, '有效', '失效') status
        from store_discount b) t where t.is_del = false
        and t.biz_type = #{req.bizType}
        and
        t.t.status = '有效'
        <if test=" req.storeCode !=null and req.storeCode !=''">
            and
            t.store_code = #{req.storeCode}
        </if>
        <if test=" req.orderType !=null and req.orderType !=''">
            and
            t.order_type = #{req.orderType}
        </if>
        <if test="req.materialCodeList != null and req.materialCodeList.size >0 ">
            and t.material_code in
            <foreach collection="req.materialCodeList" open="(" close=")" item="materialCode" separator=",">
                #{materialCode}
            </foreach>
        </if>
        order by id desc
    </select>
</mapper>
