<?xml version="1.0" encoding="UTF-8"?>
<!DOCTYPE mapper PUBLIC "-//mybatis.org//DTD Mapper 3.0//EN" "http://mybatis.org/dtd/mybatis-3-mapper.dtd">
<mapper namespace="com.jiduauto.sps.order.server.mapper.WarehouseDistributeOrderMapper">

    <select id="selectPageSearch" resultType="com.jiduauto.sps.sdk.pojo.po.WarehouseDistributeOrderPo">
        select wdo.*,wda.process_code
        from warehouse_distribute_order wdo
            left join warehouse_distribute_attach wda on wdo.order_no = wda.warehouse_distribute_order_no
        <if test="param.searchItemFlag">
            left outer join warehouse_distribute_item wdi
            on wdo.order_no = wdi.warehouse_distribute_order_no
        </if>
        where wdo.biz_type = #{param.bizType} and wdo.is_del = false
        <choose>
            <when test=" param.numberColumn != null and param.numberColumn !='' and param.numberColumn == 'orderNo'
            and param.numberNOs != null and param.numberNOs.size>0 ">
                and wdo.order_no in
                <foreach collection="param.numberNOs" item="po" open="(" close=")" separator=",">
                    #{po}
                </foreach>
            </when>
            <when test=" param.numberColumn != null and param.numberColumn !='' and param.numberColumn == 'batchNo'
            and param.numberNOs != null and param.numberNOs.size>0 ">
                and wdi.batch_no in
                <foreach collection="param.numberNOs" item="po" open="(" close=")" separator=",">
                    #{po}
                </foreach>
                and wdi.is_del =false
            </when>
            <when test=" param.numberColumn != null and param.numberColumn !='' and param.numberColumn == 'businessBillNo'
             and param.numberNOs != null and param.numberNOs.size>0 ">
                and wdo.business_bill_no in
                <foreach collection="param.numberNOs" item="po" open="(" close=")" separator=",">
                    #{po}
                </foreach>
            </when>
            <when test=" param.numberColumn != null and param.numberColumn !='' and param.numberColumn == 'logisticNo'
            and param.numberNOs != null and param.numberNOs.size>0 ">
                and wdo.logistic_no in
                <foreach collection="param.numberNOs" item="po" open="(" close=")" separator=",">
                    #{po}
                </foreach>
            </when>
        </choose>
        <if test="param.orderType != null  and param.orderType.size>0">
            and wdo.order_type in
            <foreach collection="param.orderType" item="po" open="(" close=")" separator=",">
                #{po}
            </foreach>
        </if>
        <if test="  param.orderStatus != null and param.orderStatus.size>0 ">
            and wdo.order_status in
            <foreach collection="param.orderStatus" item="po" open="(" close=")" separator=",">
                #{po}
            </foreach>
        </if>
        <if test="param.ids != null and param.ids.size>0  ">
            and wdo.id in
            <foreach collection="param.ids" item="po" open="(" close=")" separator=",">
                #{po}
            </foreach>
        </if>
        <if test="param.materialCode != null and param.materialCode != ''">
            and wdi.material_code like concat ('%',#{param.materialCode},'%')
            and wdi.is_del =false
        </if>
        <if test="param.createTimeEnd != null ">
            and wdo.create_time &lt;= #{param.createTimeEnd}
        </if>
        <if test="param.endTime != null ">
            and wdo.order_time &lt;= #{param.endTime}
        </if>
        <if test=" param.createTimeStart != null">
            and  wdo.create_time &gt;= #{param.createTimeStart}
        </if>
        <if test="param.startTime != null">
            and wdo.order_time &gt;= #{param.startTime}
        </if>
        <if test="param.processCode != null  and param.processCode!='' ">
            and wda.process_code = #{param.processCode}
        </if>
        <if test="!param.getChild">
            and wdo.is_child = false
        </if>
        <if test="param.applyPurpose != null  and param.applyPurpose.size>0 ">
            and wda.apply_purpose in
            <foreach collection="param.applyPurpose" item="po" open="(" close=")" separator=",">
                #{po}
            </foreach>
        </if>

        group by wdo.id order by wdo.id desc
    </select>
</mapper>
